epoch,loss
0,1.200000
1,0.890000
2,0.670000
3,0.450000
4,0.320000
